Subject;Body;Result
Appels en absence;Vous avez manqué un appel de +33 1 41 40 84 00;missed.call
Appels en absence;Vous avez manqué un appel de +33 1 41 40 84 01;missed.call
Appels en absence;Vous avez manqué un appel de +33 1 41 40 84 02;missed.call
Appels en absence;Vous avez manqué un appel de +33 1 41 40 84 03;missed.call
Appels en absence;Vous avez manqué un appel de +33 1 41 40 84 04;missed.call
Appels en absence;Vous avez manqué un appel de +33 1 41 40 84 05;missed.call
Appels en absence;Vous avez manqué un appel de +33 1 41 40 84 06;missed.call
Appels en absence;Vous avez manqué un appel de +33 1 41 40 84 07;missed.call
Appels en absence;Vous avez manqué un appel de +33 1 41 40 84 08;missed.call
Appels en absence;Vous avez manqué un appel de +33 1 41 40 84 09;missed.call
Appels en absence;Vous avez manqué un appel de +33 1 41 40 84 10;missed.call
Appels en absence;Vous avez manqué un appel de +33 1 41 40 84 11;missed.call
Appels en absence;Vous avez manqué un appel de +33 1 41 40 84 12;missed.call
Appels en absence;Vous avez manqué un appel de +33 1 41 40 84 13;missed.call
Appels en absence;Vous avez manqué un appel de +33 1 41 40 84 14;missed.call
Appels en absence;Vous avez manqué un appel de +33 1 41 40 84 15;missed.call
Appels en absence;Vous avez manqué un appel de +33 1 41 40 84 16;missed.call
Appels en absence;Vous avez manqué un appel de +33 1 41 40 84 17;missed.call
Appels en absence;Vous avez manqué un appel de +33 1 41 40 84 18;missed.call
Appels en absence;Vous avez manqué un appel de +33 1 41 40 84 19;missed.call
Appels en absence;Vous avez manqué un appel de +33 1 41 40 84 20;missed.call
Appels en absence;Vous avez manqué un appel de +33 1 41 40 84 21;missed.call
Appels en absence;Vous avez manqué un appel de +33 1 41 40 84 22;missed.call
Appels en absence;Vous avez manqué un appel de +33 1 41 40 84 23;missed.call
Appels en absence;Vous avez manqué un appel de +33 1 41 40 84 24;missed.call
Appels en absence;Vous avez manqué un appel de +33 1 41 40 84 25;missed.call
Appels en absence;Vous avez manqué un appel de +33 1 41 40 84 26;missed.call
Appels en absence;Vous avez manqué un appel de +33 1 41 40 84 27;missed.call
Appels en absence;Vous avez manqué un appel de +33 1 41 40 84 28;missed.call
Appels en absence;Vous avez manqué un appel de +33 1 41 40 84 29;missed.call
Appels en absence;Vous avez manqué un appel de +33 1 41 40 84 30;missed.call
Appels en absence;Vous avez manqué un appel de +33 1 41 40 84 31;missed.call
Appels en absence;Vous avez manqué un appel de +33 1 41 40 84 32;missed.call
Appels en absence;Vous avez manqué un appel de +33 1 41 40 84 33;missed.call
Appels en absence;Vous avez manqué un appel de +33 1 41 40 84 34;missed.call
Appels en absence;Vous avez manqué un appel de +33 1 41 40 84 35;missed.call
Appels en absence;Vous avez manqué un appel de +33 1 41 40 84 36;missed.call
Appels en absence;Vous avez manqué un appel de +33 1 41 40 84 37;missed.call
Appels en absence;Vous avez manqué un appel de +33 1 41 40 84 38;missed.call
Appels en absence;Vous avez manqué un appel de +33 1 41 40 84 39;missed.call
Appels en absence;Vous avez manqué un appel de +33 1 41 40 84 40;missed.call
Appels en absence;Vous avez manqué un appel de +33 1 41 40 84 41;missed.call
Appels en absence;Vous avez manqué un appel de +33 1 41 40 84 42;missed.call
Appels en absence;Vous avez manqué un appel de +33 1 41 40 84 43;missed.call
Appels en absence;Vous avez manqué un appel de +33 1 41 40 84 44;missed.call
Appels en absence;Vous avez manqué un appel de +33 1 41 40 84 45;missed.call
Appels en absence;Vous avez manqué un appel de +33 1 41 40 84 46;missed.call
Appels en absence;Vous avez manqué un appel de +33 1 41 40 84 47;missed.call
Appels en absence;Vous avez manqué un appel de +33 1 41 40 84 48;missed.call
Appels en absence;Vous avez manqué un appel de +33 1 41 40 84 49;missed.call
Appels en absence;Vous avez manqué un appel de +33 1 41 40 84 50;missed.call
Appels en absence;Vous avez manqué un appel de +33 1 41 40 84 51;missed.call
Appels en absence;Vous avez manqué un appel de +33 1 41 40 84 52;missed.call
Appels en absence;Vous avez manqué un appel de +33 1 41 40 84 53;missed.call
Appels en absence;Vous avez manqué un appel de +33 1 41 40 84 54;missed.call
Appels en absence;Vous avez manqué un appel de +33 1 41 40 84 55;missed.call
Appels en absence;Vous avez manqué un appel de +33 1 41 40 84 56;missed.call
Appels en absence;Vous avez manqué un appel de +33 1 41 40 84 57;missed.call
Appels en absence;Vous avez manqué un appel de +33 1 41 40 84 58;missed.call
Appels en absence;Vous avez manqué un appel de +33 1 41 40 84 59;missed.call
Appels en absence;Vous avez manqué un appel de +33 1 41 40 84 60;missed.call
Appels en absence;Vous avez manqué un appel de +33 1 41 40 84 61;missed.call
Appels en absence;Vous avez manqué un appel de +33 1 41 40 84 62;missed.call
Appels en absence;Vous avez manqué un appel de +33 1 41 40 84 63;missed.call
Appels en absence;Vous avez manqué un appel de +33 1 41 40 84 64;missed.call
Appels en absence;Vous avez manqué un appel de +33 1 41 40 84 65;missed.call
Appels en absence;Vous avez manqué un appel de +33 1 41 40 84 66;missed.call
Appels en absence;Vous avez manqué un appel de +33 1 41 40 84 67;missed.call
Appels en absence;Vous avez manqué un appel de +33 1 41 40 84 68;missed.call
Appels en absence;Vous avez manqué un appel de +33 1 41 40 84 69;missed.call
Appels en absence;Vous avez manqué un appel de +33 1 41 40 84 70;missed.call
Appels en absence;Vous avez manqué un appel de +33 1 41 40 84 71;missed.call
Appels en absence;Vous avez manqué un appel de +33 1 41 40 84 72;missed.call
Appels en absence;Vous avez manqué un appel de +33 1 41 40 84 73;missed.call
Appels en absence;Vous avez manqué un appel de +33 1 41 40 84 74;missed.call
Appels en absence;Vous avez manqué un appel de +33 1 41 40 84 75;missed.call
Appels en absence;Vous avez manqué un appel de +33 1 41 40 84 76;missed.call
Appels en absence;Vous avez manqué un appel de +33 1 41 40 84 77;missed.call
Appels en absence;Vous avez manqué un appel de +33 1 41 40 84 78;missed.call
Appels en absence;Vous avez manqué un appel de +33 1 41 40 84 79;missed.call
Appels en absence;Vous avez manqué un appel de +33 1 41 40 84 80;missed.call
Appels en absence;Vous avez manqué un appel de +33 1 41 40 84 81;missed.call
Appels en absence;Vous avez manqué un appel de +33 1 41 40 84 82;missed.call
Appels en absence;Vous avez manqué un appel de +33 1 41 40 84 83;missed.call
Appels en absence;Vous avez manqué un appel de +33 1 41 40 84 84;missed.call
Appels en absence;Vous avez manqué un appel de +33 1 41 40 84 85;missed.call
Appels en absence;Vous avez manqué un appel de +33 1 41 40 84 86;missed.call
Appels en absence;Vous avez manqué un appel de +33 1 41 40 84 87;missed.call
Appels en absence;Vous avez manqué un appel de +33 1 41 40 84 88;missed.call
Appels en absence;Vous avez manqué un appel de +33 1 41 40 84 89;missed.call
Appels en absence;Vous avez manqué un appel de +33 1 41 40 84 90;missed.call
Appels en absence;Vous avez manqué un appel de +33 1 41 40 84 91;missed.call
Appels en absence;Vous avez manqué un appel de +33 1 41 40 84 92;missed.call
Appels en absence;Vous avez manqué un appel de +33 1 41 40 84 93;missed.call
Appels en absence;Vous avez manqué un appel de +33 1 41 40 84 94;missed.call
Appels en absence;Vous avez manqué un appel de +33 1 41 40 84 95;missed.call
Appels en absence;Vous avez manqué un appel de +33 1 41 40 84 96;missed.call
Appels en absence;Vous avez manqué un appel de +33 1 41 40 84 97;missed.call
Appels en absence;Vous avez manqué un appel de +33 1 41 40 84 98;missed.call
Appels en absence;Vous avez manqué un appel de +33 1 41 40 84 99;missed.call
Lu: Messagerie vocale (44 secondes);Votre message À : TOTO Titi Sujet : TR: Messagerie vocale (44 secondes) Envoyé : vendredi 3 avril 2020 08:56:56 (UTC+00:00) Mono, Mani a été lu le vendredi 3 avril 2020 08:57:49 (UTC+00:00) Mono, Mani.;read.confirmation

